sys_id,u_guid
0437b321db7310104bac7b8239961923,MjgzNjcwNHxBUE18QVBQTElDQVRJT058Mzc4MDM0NzI3
1037b321db7310104bac7b8239961928,MjgzNjcwNHxBUE18QVBQTElDQVRJT058Mzc3ODA5MjQ5
2b277321db7310104bac7b82399619d1,MjgzNjcwNHxBUE18QVBQTElDQVRJT058Mzc3NzEwMzQ1
4c377321db7310104bac7b82399619e8,MjgzNjcwNHxBUE18QVBQTElDQVRJT058Mzc3ODA0Mjcy
58377321db7310104bac7b82399619ed,MjgzNjcwNHxBUE18QVBQTElDQVRJT058Mzc3ODE4MTY5
5b277321db7310104bac7b82399619ad,MjgzNjcwNHxBUE18QVBQTElDQVRJT058Mzc3NzA3MTA1
73277321db7310104bac7b82399619e4,MjgzNjcwNHxBUE18QVBQTElDQVRJT058MzcxODU4NDk4
8837b321db7310104bac7b8239961925,MjgzNjcwNHxBUE18QVBQTElDQVRJT058Mzc2NDM5NTYw
8b277321db7310104bac7b82399619aa,MjgzNjcwNHxBUE18QVBQTElDQVRJT058Mzc3NzA5NTQ4
93277321db7310104bac7b82399619cf,MjgzNjcwNHxBUE18QVBQTElDQVRJT058Mzc3NzAwMzI5
a037b321db7310104bac7b823996192e,MjgzNjcwNHxBUE18QVBQTElDQVRJT058MzcxNjY0ODI1
a437b321db7310104bac7b823996192a,MjgzNjcwNHxBUE18QVBQTElDQVRJT058Mzc4NjQ1MzQ0
af277321db7310104bac7b82399619d3,MjgzNjcwNHxBUE18QVBQTElDQVRJT058Mzc1ODU0NzYw
bf27b321db7310104bac7b8239961920,MjgzNjcwNHxBUE18QVBQTElDQVRJT058MzcyMjg4MjY2
d0377321db7310104bac7b82399619eb,MjgzNjcwNHxBUE18QVBQTElDQVRJT058Mzc3ODA0Mjcz
ef277321db7310104bac7b82399619af,MjgzNjcwNHxBUE18QVBQTElDQVRJT058Mzc3NzEzNTc4
f7277321db7310104bac7b82399619e6,MjgzNjcwNHxBUE18QVBQTElDQVRJT058Mzc4Njk3OTE4
